,code,area,year,sex,pop,data_type,x_cv_representative,x_cv_ascertainment
0,0,China,2005,total,1283230216.0,p,0,0
1,0,China,2006,total,1314476400.0,p,0,0
2,0,China,2007,total,1299190003.0,p,0,0
3,0,China,2008,total,1318511595.0,p,0,0
4,0,China,2009,total,1316606444.0,p,0,0
5,0,China,2010,total,1340909996.0,p,0,0
6,0,China,2011,total,1347349996.0,p,0,0
7,0,China,2012,total,1354040000.0,p,0,0
8,0,China,2013,total,1355168600.0,p,0,0
9,0,China,2014,total,1362466686.0,p,0,0
10,0,China,2015,total,1370784400.0,p,0,0
11,0,China,2016,total,1379837956.0,p,0,0
12,0,China,2017,total,1389096953.0,p,0,0
13,0,China,2018,total,1398088878.0,p,0,0
14,110000,Beijing,2005,total,15380176.0,p,0,0
15,110000,Beijing,2006,total,15810149.0,p,0,0
16,110000,Beijing,2007,total,16330160.0,p,0,0
17,110000,Beijing,2008,total,16949994.0,p,0,0
18,110000,Beijing,2009,total,17550006.0,p,0,0
19,110000,Beijing,2010,total,19612571.0,p,0,0
20,110000,Beijing,2011,total,20186012.0,p,0,0
21,110000,Beijing,2012,total,20692994.0,p,0,0
22,110000,Beijing,2013,total,21148000.0,p,0,0
23,110000,Beijing,2014,total,21516000.0,p,0,0
24,110000,Beijing,2015,total,21705000.0,p,0,0
25,110000,Beijing,2016,total,21729002.0,p,0,0
26,110000,Beijing,2017,total,21707000.0,p,0,0
27,110000,Beijing,2018,total,21771042.71,p,0,0
28,120000,Tianjin,2005,total,10430023.0,p,0,0
29,120000,Tianjin,2006,total,10750010.0,p,0,0
30,120000,Tianjin,2007,total,11150037.0,p,0,0
31,120000,Tianjin,2008,total,11760006.0,p,0,0
32,120000,Tianjin,2009,total,12281610.0,p,0,0
33,120000,Tianjin,2010,total,12938402.0,p,0,0
34,120000,Tianjin,2011,total,13545806.0,p,0,0
35,120000,Tianjin,2012,total,14131507.0,p,0,0
36,120000,Tianjin,2013,total,14722100.0,p,0,0
37,120000,Tianjin,2014,total,15168101.0,p,0,0
38,120000,Tianjin,2015,total,15469500.0,p,0,0
39,120000,Tianjin,2016,total,15621200.0,p,0,0
40,120000,Tianjin,2017,total,15568693.0,p,0,0
41,120000,Tianjin,2018,total,15704561.06,p,0,0
42,130000,Hebei,2005,total,68509976.0,p,0,0
43,130000,Hebei,2006,total,68980073.0,p,0,0
44,130000,Hebei,2007,total,69429882.0,p,0,0
45,130000,Hebei,2008,total,69888234.0,p,0,0
46,130000,Hebei,2009,total,70343863.0,p,0,0
47,130000,Hebei,2010,total,71854424.0,p,0,0
48,130000,Hebei,2011,total,72405127.0,p,0,0
49,130000,Hebei,2012,total,72875099.0,p,0,0
50,130000,Hebei,2013,total,73326100.0,p,0,0
51,130000,Hebei,2014,total,73837502.0,p,0,0
52,130000,Hebei,2015,total,74249200.0,p,0,0
53,130000,Hebei,2016,total,74708506.0,p,0,0
54,130000,Hebei,2017,total,75195198.0,p,0,0
55,130000,Hebei,2018,total,75653288.57,p,0,0
56,140000,Shanxi_N,2005,total,33550026.0,p,0,0
57,140000,Shanxi_N,2006,total,33749905.0,p,0,0
58,140000,Shanxi_N,2007,total,33929898.0,p,0,0
59,140000,Shanxi_N,2008,total,34106103.0,p,0,0
60,140000,Shanxi_N,2009,total,34273555.0,p,0,0
61,140000,Shanxi_N,2010,total,35712101.0,p,0,0
62,140000,Shanxi_N,2011,total,35932807.0,p,0,0
63,140000,Shanxi_N,2012,total,36108293.0,p,0,0
64,140000,Shanxi_N,2013,total,36298000.0,p,0,0
65,140000,Shanxi_N,2014,total,36479594.0,p,0,0
66,140000,Shanxi_N,2015,total,36641200.0,p,0,0
67,140000,Shanxi_N,2016,total,36816393.0,p,0,0
68,140000,Shanxi_N,2017,total,37023500.0,p,0,0
69,140000,Shanxi_N,2018,total,37206598.19,p,0,0
70,150000,Neimenggu,2005,total,23860067.0,p,0,0
71,150000,Neimenggu,2006,total,23970100.0,p,0,0
72,150000,Neimenggu,2007,total,24050016.0,p,0,0
73,150000,Neimenggu,2008,total,24137341.0,p,0,0
74,150000,Neimenggu,2009,total,24220694.0,p,0,0
75,150000,Neimenggu,2010,total,24706329.0,p,0,0
76,150000,Neimenggu,2011,total,24817094.0,p,0,0
77,150000,Neimenggu,2012,total,24898512.0,p,0,0
78,150000,Neimenggu,2013,total,24976100.0,p,0,0
79,150000,Neimenggu,2014,total,25048100.0,p,0,0
80,150000,Neimenggu,2015,total,25110400.0,p,0,0
81,150000,Neimenggu,2016,total,25200026.0,p,0,0
82,150000,Neimenggu,2017,total,25286999.0,p,0,0
83,150000,Neimenggu,2018,total,25367137.27,p,0,0
84,210000,Liaoning,2005,total,42209990.0,p,0,0
85,210000,Liaoning,2006,total,42709973.0,p,0,0
86,210000,Liaoning,2007,total,42979962.0,p,0,0
87,210000,Liaoning,2008,total,43146996.0,p,0,0
88,210000,Liaoning,2009,total,43189993.0,p,0,0
89,210000,Liaoning,2010,total,43746229.0,p,0,0
90,210000,Liaoning,2011,total,43830047.0,p,0,0
91,210000,Liaoning,2012,total,43890001.0,p,0,0
92,210000,Liaoning,2013,total,43900000.0,p,0,0
93,210000,Liaoning,2014,total,43909998.0,p,0,0
94,210000,Liaoning,2015,total,43824000.0,p,0,0
95,210000,Liaoning,2016,total,43777977.0,p,0,0
96,210000,Liaoning,2017,total,43688987.0,p,0,0
97,210000,Liaoning,2018,total,43615564.15,p,0,0
98,220000,Jilin,2005,total,27159990.0,p,0,0
99,220000,Jilin,2006,total,27229991.0,p,0,0
100,220000,Jilin,2007,total,27299945.0,p,0,0
101,220000,Jilin,2008,total,27339948.0,p,0,0
102,220000,Jilin,2009,total,27395533.0,p,0,0
103,220000,Jilin,2010,total,27462651.0,p,0,0
104,220000,Jilin,2011,total,27494096.0,p,0,0
105,220000,Jilin,2012,total,27504010.0,p,0,0
106,220000,Jilin,2013,total,27512800.0,p,0,0
107,220000,Jilin,2014,total,27523798.0,p,0,0
108,220000,Jilin,2015,total,27533000.0,p,0,0
109,220000,Jilin,2016,total,27330007.0,p,0,0
110,220000,Jilin,2017,total,27174297.0,p,0,0
111,220000,Jilin,2018,total,27058785.69,p,0,0
112,230000,Heilongjiang,2005,total,38199928.0,p,0,0
113,230000,Heilongjiang,2006,total,38230046.0,p,0,0
114,230000,Heilongjiang,2007,total,38240057.0,p,0,0
115,230000,Heilongjiang,2008,total,38253920.0,p,0,0
116,230000,Heilongjiang,2009,total,38259755.0,p,0,0
117,230000,Heilongjiang,2010,total,38312261.0,p,0,0
118,230000,Heilongjiang,2011,total,38340000.0,p,0,0
119,230000,Heilongjiang,2012,total,38339994.0,p,0,0
120,230000,Heilongjiang,2013,total,38350200.0,p,0,0
121,230000,Heilongjiang,2014,total,38329996.0,p,0,0
122,230000,Heilongjiang,2015,total,38120000.0,p,0,0
123,230000,Heilongjiang,2016,total,37990019.0,p,0,0
124,230000,Heilongjiang,2017,total,37887012.0,p,0,0
125,230000,Heilongjiang,2018,total,37740491.29,p,0,0
126,310000,Shanghai,2005,total,17780009.0,p,0,0
127,310000,Shanghai,2006,total,18150005.0,p,0,0
128,310000,Shanghai,2007,total,18579999.0,p,0,0
129,310000,Shanghai,2008,total,18884597.0,p,0,0
130,310000,Shanghai,2009,total,19210015.0,p,0,0
131,310000,Shanghai,2010,total,23019196.0,p,0,0
132,310000,Shanghai,2011,total,23474591.0,p,0,0
133,310000,Shanghai,2012,total,23804303.0,p,0,0
134,310000,Shanghai,2013,total,24151500.0,p,0,0
135,310000,Shanghai,2014,total,24256797.0,p,0,0
136,310000,Shanghai,2015,total,24152700.0,p,0,0
137,310000,Shanghai,2016,total,24197001.0,p,0,0
138,310000,Shanghai,2017,total,24183297.0,p,0,0
139,310000,Shanghai,2018,total,24158846.52,p,0,0
140,320000,Jiangsu,2005,total,74749981.0,p,0,0
141,320000,Jiangsu,2006,total,75499930.0,p,0,0
142,320000,Jiangsu,2007,total,76250026.0,p,0,0
143,320000,Jiangsu,2008,total,76772924.0,p,0,0
144,320000,Jiangsu,2009,total,77250024.0,p,0,0
145,320000,Jiangsu,2010,total,78659857.0,p,0,0
146,320000,Jiangsu,2011,total,78988007.0,p,0,0
147,320000,Jiangsu,2012,total,79199822.0,p,0,0
148,320000,Jiangsu,2013,total,79394900.0,p,0,0
149,320000,Jiangsu,2014,total,79600592.0,p,0,0
150,320000,Jiangsu,2015,total,79763000.0,p,0,0
151,320000,Jiangsu,2016,total,79986013.0,p,0,0
152,320000,Jiangsu,2017,total,80293076.0,p,0,0
153,320000,Jiangsu,2018,total,80525240.14,p,0,0
154,330000,Zhejiang,2005,total,48979965.0,p,0,0
155,330000,Zhejiang,2006,total,49799997.0,p,0,0
156,330000,Zhejiang,2007,total,50600012.0,p,0,0
157,330000,Zhejiang,2008,total,51199980.0,p,0,0
158,330000,Zhejiang,2009,total,51800031.0,p,0,0
159,330000,Zhejiang,2010,total,54426833.0,p,0,0
160,330000,Zhejiang,2011,total,54629991.0,p,0,0
161,330000,Zhejiang,2012,total,54770009.0,p,0,0
162,330000,Zhejiang,2013,total,54980000.0,p,0,0
163,330000,Zhejiang,2014,total,55080002.0,p,0,0
164,330000,Zhejiang,2015,total,55390000.0,p,0,0
165,330000,Zhejiang,2016,total,55899996.0,p,0,0
166,330000,Zhejiang,2017,total,56569979.0,p,0,0
167,330000,Zhejiang,2018,total,57075541.55,p,0,0
168,340000,Anhui,2005,total,61200014.0,p,0,0
169,340000,Anhui,2006,total,61099951.0,p,0,0
170,340000,Anhui,2007,total,61180013.0,p,0,0
171,340000,Anhui,2008,total,61349752.0,p,0,0
172,340000,Anhui,2009,total,61310046.0,p,0,0
173,340000,Anhui,2010,total,59500073.0,p,0,0
174,340000,Anhui,2011,total,59680017.0,p,0,0
175,340000,Anhui,2012,total,59879992.0,p,0,0
176,340000,Anhui,2013,total,60298000.0,p,0,0
177,340000,Anhui,2014,total,60829005.0,p,0,0
178,340000,Anhui,2015,total,61436000.0,p,0,0
179,340000,Anhui,2016,total,61955504.0,p,0,0
180,340000,Anhui,2017,total,62548000.0,p,0,0
181,340000,Anhui,2018,total,63131726.41,p,0,0
182,350000,Fujian,2005,total,35349962.0,p,0,0
183,350000,Fujian,2006,total,35579926.0,p,0,0
184,350000,Fujian,2007,total,35809977.0,p,0,0
185,350000,Fujian,2008,total,36040024.0,p,0,0
186,350000,Fujian,2009,total,36270009.0,p,0,0
187,350000,Fujian,2010,total,36894320.0,p,0,0
188,350000,Fujian,2011,total,37199993.0,p,0,0
189,350000,Fujian,2012,total,37479998.0,p,0,0
190,350000,Fujian,2013,total,37740000.0,p,0,0
191,350000,Fujian,2014,total,38060000.0,p,0,0
192,350000,Fujian,2015,total,38390000.0,p,0,0
193,350000,Fujian,2016,total,38739979.0,p,0,0
194,350000,Fujian,2017,total,39109988.0,p,0,0
195,350000,Fujian,2018,total,39466382.04,p,0,0
196,360000,Jiangxi,2005,total,43110043.0,p,0,0
197,360000,Jiangxi,2006,total,43391301.0,p,0,0
198,360000,Jiangxi,2007,total,43680060.0,p,0,0
199,360000,Jiangxi,2008,total,43999910.0,p,0,0
200,360000,Jiangxi,2009,total,44321594.0,p,0,0
201,360000,Jiangxi,2010,total,44567705.0,p,0,0
202,360000,Jiangxi,2011,total,44884039.0,p,0,0
203,360000,Jiangxi,2012,total,45039007.0,p,0,0
204,360000,Jiangxi,2013,total,45221500.0,p,0,0
205,360000,Jiangxi,2014,total,45421603.0,p,0,0
206,360000,Jiangxi,2015,total,45656000.0,p,0,0
207,360000,Jiangxi,2016,total,45922596.0,p,0,0
208,360000,Jiangxi,2017,total,46220986.0,p,0,0
209,360000,Jiangxi,2018,total,46490561.19,p,0,0
210,370000,Shandong,2005,total,92480003.0,p,0,0
211,370000,Shandong,2006,total,93089983.0,p,0,0
212,370000,Shandong,2007,total,93669950.0,p,0,0
213,370000,Shandong,2008,total,94172304.0,p,0,0
214,370000,Shandong,2009,total,94703001.0,p,0,0
215,370000,Shandong,2010,total,95792956.0,p,0,0
216,370000,Shandong,2011,total,96373014.0,p,0,0
217,370000,Shandong,2012,total,96848691.0,p,0,0
218,370000,Shandong,2013,total,97333900.0,p,0,0
219,370000,Shandong,2014,total,97894303.0,p,0,0
220,370000,Shandong,2015,total,98471600.0,p,0,0
221,370000,Shandong,2016,total,99466411.0,p,0,0
222,370000,Shandong,2017,total,100058292.0,p,0,0
223,370000,Shandong,2018,total,100790200.1,p,0,0
224,410000,Henan,2005,total,93799913.0,p,0,0
225,410000,Henan,2006,total,93920033.0,p,0,0
226,410000,Henan,2007,total,93599969.0,p,0,0
227,410000,Henan,2008,total,94289985.0,p,0,0
228,410000,Henan,2009,total,94869936.0,p,0,0
229,410000,Henan,2010,total,94031200.0,p,0,0
230,410000,Henan,2011,total,93880000.0,p,0,0
231,410000,Henan,2012,total,94059986.0,p,0,0
232,410000,Henan,2013,total,94133500.0,p,0,0
233,410000,Henan,2014,total,94359998.0,p,0,0
234,410000,Henan,2015,total,94800000.0,p,0,0
235,410000,Henan,2016,total,95324105.0,p,0,0
236,410000,Henan,2017,total,95591264.0,p,0,0
237,410000,Henan,2018,total,96005245.99,p,0,0
238,420000,Hubei,2005,total,57099967.0,p,0,0
239,420000,Hubei,2006,total,56930037.0,p,0,0
240,420000,Hubei,2007,total,56989995.0,p,0,0
241,420000,Hubei,2008,total,57110062.0,p,0,0
242,420000,Hubei,2009,total,57199955.0,p,0,0
243,420000,Hubei,2010,total,57237695.0,p,0,0
244,420000,Hubei,2011,total,57580022.0,p,0,0
245,420000,Hubei,2012,total,57790005.0,p,0,0
246,420000,Hubei,2013,total,57990000.0,p,0,0
247,420000,Hubei,2014,total,58159999.0,p,0,0
248,420000,Hubei,2015,total,58515000.0,p,0,0
249,420000,Hubei,2016,total,58849995.0,p,0,0
250,420000,Hubei,2017,total,59020004.0,p,0,0
251,420000,Hubei,2018,total,59309489.06,p,0,0
252,430000,Hunan,2005,total,63259994.0,p,0,0
253,430000,Hunan,2006,total,63420010.0,p,0,0
254,430000,Hunan,2007,total,63549899.0,p,0,0
255,430000,Hunan,2008,total,63800014.0,p,0,0
256,430000,Hunan,2009,total,64060006.0,p,0,0
257,430000,Hunan,2010,total,65683598.0,p,0,0
258,430000,Hunan,2011,total,65956005.0,p,0,0
259,430000,Hunan,2012,total,66389003.0,p,0,0
260,430000,Hunan,2013,total,66906000.0,p,0,0
261,430000,Hunan,2014,total,67372400.0,p,0,0
262,430000,Hunan,2015,total,67753800.0,p,0,0
263,430000,Hunan,2016,total,68220004.0,p,0,0
264,430000,Hunan,2017,total,68600694.0,p,0,0
265,430000,Hunan,2018,total,69015081.66,p,0,0
266,440000,Guangdong,2005,total,91940117.0,p,0,0
267,440000,Guangdong,2006,total,93040103.0,p,0,0
268,440000,Guangdong,2007,total,94490076.0,p,0,0
269,440000,Guangdong,2008,total,95439985.0,p,0,0
270,440000,Guangdong,2009,total,96379949.0,p,0,0
271,440000,Guangdong,2010,total,104303083.0,p,0,0
272,440000,Guangdong,2011,total,105049983.0,p,0,0
273,440000,Guangdong,2012,total,105940011.0,p,0,0
274,440000,Guangdong,2013,total,106440000.0,p,0,0
275,440000,Guangdong,2014,total,107240006.0,p,0,0
276,440000,Guangdong,2015,total,108490300.0,p,0,0
277,440000,Guangdong,2016,total,109989797.0,p,0,0
278,440000,Guangdong,2017,total,111689993.0,p,0,0
279,440000,Guangdong,2018,total,113213984.4,p,0,0
280,450000,Guangxi,2005,total,46599987.0,p,0,0
281,450000,Guangxi,2006,total,47190027.0,p,0,0
282,450000,Guangxi,2007,total,47680004.0,p,0,0
283,450000,Guangxi,2008,total,48160001.0,p,0,0
284,450000,Guangxi,2009,total,48560020.0,p,0,0
285,450000,Guangxi,2010,total,46026536.0,p,0,0
286,450000,Guangxi,2011,total,46450025.0,p,0,0
287,450000,Guangxi,2012,total,46820009.0,p,0,0
288,450000,Guangxi,2013,total,47190000.0,p,0,0
289,450000,Guangxi,2014,total,47539998.0,p,0,0
290,450000,Guangxi,2015,total,47960000.0,p,0,0
291,450000,Guangxi,2016,total,48378797.0,p,0,0
292,450000,Guangxi,2017,total,48849998.0,p,0,0
293,450000,Guangxi,2018,total,49294637.88,p,0,0
294,460000,Hainan,2005,total,8279992.0,p,0,0
295,460000,Hainan,2006,total,8359981.0,p,0,0
296,460000,Hainan,2007,total,8449981.0,p,0,0
297,460000,Hainan,2008,total,8539957.0,p,0,0
298,460000,Hainan,2009,total,8640718.0,p,0,0
299,460000,Hainan,2010,total,8671507.0,p,0,0
300,460000,Hainan,2011,total,8773802.0,p,0,0
301,460000,Hainan,2012,total,8865493.0,p,0,0
302,460000,Hainan,2013,total,8952800.0,p,0,0
303,460000,Hainan,2014,total,9034799.0,p,0,0
304,460000,Hainan,2015,total,9108200.0,p,0,0
305,460000,Hainan,2016,total,9170002.0,p,0,0
306,460000,Hainan,2017,total,10021802.0,p,0,0
307,460000,Hainan,2018,total,10374207.39,p,0,0
308,500000,Chongqing,2005,total,27980046.0,p,0,0
309,500000,Chongqing,2006,total,28079983.0,p,0,0
310,500000,Chongqing,2007,total,28159948.0,p,0,0
311,500000,Chongqing,2008,total,28389979.0,p,0,0
312,500000,Chongqing,2009,total,28590005.0,p,0,0
313,500000,Chongqing,2010,total,28846198.0,p,0,0
314,500000,Chongqing,2011,total,29190007.0,p,0,0
315,500000,Chongqing,2012,total,29449982.0,p,0,0
316,500000,Chongqing,2013,total,29700000.0,p,0,0
317,500000,Chongqing,2014,total,29913998.0,p,0,0
318,500000,Chongqing,2015,total,30165500.0,p,0,0
319,500000,Chongqing,2016,total,30484309.0,p,0,0
320,500000,Chongqing,2017,total,30751601.0,p,0,0
321,500000,Chongqing,2018,total,31035981.76,p,0,0
322,510000,Sichuan,2005,total,82119922.0,p,0,0
323,510000,Sichuan,2006,total,81690065.0,p,0,0
324,510000,Sichuan,2007,total,81270010.0,p,0,0
325,510000,Sichuan,2008,total,81379923.0,p,0,0
326,510000,Sichuan,2009,total,81849925.0,p,0,0
327,510000,Sichuan,2010,total,80418184.0,p,0,0
328,510000,Sichuan,2011,total,80500024.0,p,0,0
329,510000,Sichuan,2012,total,80762020.0,p,0,0
330,510000,Sichuan,2013,total,81070000.0,p,0,0
331,510000,Sichuan,2014,total,81401997.0,p,0,0
332,510000,Sichuan,2015,total,82040000.0,p,0,0
333,510000,Sichuan,2016,total,82620028.0,p,0,0
334,510000,Sichuan,2017,total,83019999.0,p,0,0
335,510000,Sichuan,2018,total,83566448.47,p,0,0
336,520000,Guizhou,2005,total,37300027.0,p,0,0
337,520000,Guizhou,2006,total,37571716.0,p,0,0
338,520000,Guizhou,2007,total,37620014.0,p,0,0
339,520000,Guizhou,2008,total,37927261.0,p,0,0
340,520000,Guizhou,2009,total,37979984.0,p,0,0
341,520000,Guizhou,2010,total,34746508.0,p,0,0
342,520000,Guizhou,2011,total,34689986.0,p,0,0
343,520000,Guizhou,2012,total,34840005.0,p,0,0
344,520000,Guizhou,2013,total,35022200.0,p,0,0
345,520000,Guizhou,2014,total,35080300.0,p,0,0
346,520000,Guizhou,2015,total,35295000.0,p,0,0
347,520000,Guizhou,2016,total,35550007.0,p,0,0
348,520000,Guizhou,2017,total,35800002.0,p,0,0
349,520000,Guizhou,2018,total,36043169.01,p,0,0
350,530000,Yunnan,2005,total,44499123.0,p,0,0
351,530000,Yunnan,2006,total,44830030.0,p,0,0
352,530000,Yunnan,2007,total,45139978.0,p,0,0
353,530000,Yunnan,2008,total,45430010.0,p,0,0
354,530000,Yunnan,2009,total,45710006.0,p,0,0
355,530000,Yunnan,2010,total,45966362.0,p,0,0
356,530000,Yunnan,2011,total,46310029.0,p,0,0
357,530000,Yunnan,2012,total,46590006.0,p,0,0
358,530000,Yunnan,2013,total,46866000.0,p,0,0
359,530000,Yunnan,2014,total,47139000.0,p,0,0
360,530000,Yunnan,2015,total,47418000.0,p,0,0
361,530000,Yunnan,2016,total,47710002.0,p,0,0
362,530000,Yunnan,2017,total,48004978.0,p,0,0
363,530000,Yunnan,2018,total,48297158.27,p,0,0
364,540000,Xizang,2005,total,2770659.0,p,0,0
365,540000,Xizang,2006,total,2809878.0,p,0,0
366,540000,Xizang,2007,total,2840042.0,p,0,0
367,540000,Xizang,2008,total,2869941.0,p,0,0
368,540000,Xizang,2009,total,2900218.0,p,0,0
369,540000,Xizang,2010,total,2999319.0,p,0,0
370,540000,Xizang,2011,total,3033095.0,p,0,0
371,540000,Xizang,2012,total,3079998.0,p,0,0
372,540000,Xizang,2013,total,3120400.0,p,0,0
373,540000,Xizang,2014,total,3175499.0,p,0,0
374,540000,Xizang,2015,total,3239700.0,p,0,0
375,540000,Xizang,2016,total,3309993.0,p,0,0
376,540000,Xizang,2017,total,3371490.0,p,0,0
377,540000,Xizang,2018,total,3439472.497,p,0,0
378,610000,Shanxi_S,2005,total,37200205.0,p,0,0
379,610000,Shanxi_S,2006,total,37349966.0,p,0,0
380,610000,Shanxi_S,2007,total,37480034.0,p,0,0
381,610000,Shanxi_S,2008,total,37619994.0,p,0,0
382,610000,Shanxi_S,2009,total,37719960.0,p,0,0
383,610000,Shanxi_S,2010,total,37327394.0,p,0,0
384,610000,Shanxi_S,2011,total,37426001.0,p,0,0
385,610000,Shanxi_S,2012,total,37530894.0,p,0,0
386,610000,Shanxi_S,2013,total,37640000.0,p,0,0
387,610000,Shanxi_S,2014,total,37751201.0,p,0,0
388,610000,Shanxi_S,2015,total,37928700.0,p,0,0
389,610000,Shanxi_S,2016,total,38131293.0,p,0,0
390,610000,Shanxi_S,2017,total,38354419.0,p,0,0
391,610000,Shanxi_S,2018,total,38557626.04,p,0,0
392,620000,Gansu,2005,total,25940051.0,p,0,0
393,620000,Gansu,2006,total,26060171.0,p,0,0
394,620000,Gansu,2007,total,26170114.0,p,0,0
395,620000,Gansu,2008,total,26281265.0,p,0,0
396,620000,Gansu,2009,total,26354630.0,p,0,0
397,620000,Gansu,2010,total,25575208.0,p,0,0
398,620000,Gansu,2011,total,25641917.0,p,0,0
399,620000,Gansu,2012,total,25775506.0,p,0,0
400,620000,Gansu,2013,total,25821800.0,p,0,0
401,620000,Gansu,2014,total,25907800.0,p,0,0
402,620000,Gansu,2015,total,25995500.0,p,0,0
403,620000,Gansu,2016,total,26099994.0,p,0,0
404,620000,Gansu,2017,total,26257100.0,p,0,0
405,620000,Gansu,2018,total,26374576.75,p,0,0
406,630000,Qinghai,2005,total,5430001.0,p,0,0
407,630000,Qinghai,2006,total,5479964.0,p,0,0
408,630000,Qinghai,2007,total,5519973.0,p,0,0
409,630000,Qinghai,2008,total,5543019.0,p,0,0
410,630000,Qinghai,2009,total,5573031.0,p,0,0
411,630000,Qinghai,2010,total,5626713.0,p,0,0
412,630000,Qinghai,2011,total,5681724.0,p,0,0
413,630000,Qinghai,2012,total,5731701.0,p,0,0
414,630000,Qinghai,2013,total,5777900.0,p,0,0
415,630000,Qinghai,2014,total,5834204.0,p,0,0
416,630000,Qinghai,2015,total,5884300.0,p,0,0
417,630000,Qinghai,2016,total,5929991.0,p,0,0
418,630000,Qinghai,2017,total,5983797.0,p,0,0
419,630000,Qinghai,2018,total,6034508.897999999,p,0,0
420,640000,Ningxia,2005,total,5959996.0,p,0,0
421,640000,Ningxia,2006,total,6039993.0,p,0,0
422,640000,Ningxia,2007,total,6099974.0,p,0,0
423,640000,Ningxia,2008,total,6176924.0,p,0,0
424,640000,Ningxia,2009,total,6252033.0,p,0,0
425,640000,Ningxia,2010,total,6301357.0,p,0,0
426,640000,Ningxia,2011,total,6394502.0,p,0,0
427,640000,Ningxia,2012,total,6471900.0,p,0,0
428,640000,Ningxia,2013,total,6541900.0,p,0,0
429,640000,Ningxia,2014,total,6615401.0,p,0,0
430,640000,Ningxia,2015,total,6678800.0,p,0,0
431,640000,Ningxia,2016,total,6749002.0,p,0,0
432,640000,Ningxia,2017,total,6817795.0,p,0,0
433,640000,Ningxia,2018,total,6886626.455,p,0,0
434,650000,Xinjiang,2005,total,20100063.0,p,0,0
435,650000,Xinjiang,2006,total,20499990.0,p,0,0
436,650000,Xinjiang,2007,total,20949998.0,p,0,0
437,650000,Xinjiang,2008,total,21307980.0,p,0,0
438,650000,Xinjiang,2009,total,21586339.0,p,0,0
439,650000,Xinjiang,2010,total,21815819.0,p,0,0
440,650000,Xinjiang,2011,total,22087038.0,p,0,0
441,650000,Xinjiang,2012,total,22327803.0,p,0,0
442,650000,Xinjiang,2013,total,22643000.0,p,0,0
443,650000,Xinjiang,2014,total,22984695.0,p,0,0
444,650000,Xinjiang,2015,total,23600000.0,p,0,0
445,650000,Xinjiang,2016,total,23980007.0,p,0,0
446,650000,Xinjiang,2017,total,24446713.0,p,0,0
447,650000,Xinjiang,2018,total,24954433.6,p,0,0
448,0,China,2005,male,648565325.0,p,0,0
449,0,China,2006,male,677279999.0,p,0,0
450,0,China,2007,male,666673621.0,p,0,0
451,0,China,2008,male,671003937.0,p,0,0
452,0,China,2009,male,674950026.0,p,0,0
453,0,China,2010,male,687479997.0,p,0,0
454,0,China,2011,male,690679957.0,p,0,0
455,0,China,2012,male,693950000.0,p,0,0
456,0,China,2013,male,695577461.0,p,0,0
457,0,China,2014,male,697969507.0,p,0,0
458,0,China,2015,male,702175237.0,p,0,0
459,0,China,2016,male,705306784.0,p,0,0
460,0,China,2017,male,709454163.0,p,0,0
461,0,China,2018,male,713324223.1,p,0,0
462,110000,Beijing,2005,male,7790739.0,p,0,0
463,110000,Beijing,2006,male,7970554.0,p,0,0
464,110000,Beijing,2007,male,8228705.0,p,0,0
465,110000,Beijing,2008,male,8536879.0,p,0,0
466,110000,Beijing,2009,male,8835023.0,p,0,0
467,110000,Beijing,2010,male,10112920.0,p,0,0
468,110000,Beijing,2011,male,10407002.0,p,0,0
469,110000,Beijing,2012,male,10681009.0,p,0,0
470,110000,Beijing,2013,male,10907000.0,p,0,0
471,110000,Beijing,2014,male,10877350.0,p,0,0
472,110000,Beijing,2015,male,11134000.0,p,0,0
473,110000,Beijing,2016,male,11127877.0,p,0,0
474,110000,Beijing,2017,male,11073999.0,p,0,0
475,110000,Beijing,2018,male,11140335.55,p,0,0
476,120000,Tianjin,2005,male,5235922.0,p,0,0
477,120000,Tianjin,2006,male,5456313.0,p,0,0
478,120000,Tianjin,2007,male,5656382.0,p,0,0
479,120000,Tianjin,2008,male,5962822.0,p,0,0
480,120000,Tianjin,2009,male,6224190.0,p,0,0
481,120000,Tianjin,2010,male,6906904.0,p,0,0
482,120000,Tianjin,2011,male,7259205.0,p,0,0
483,120000,Tianjin,2012,male,7570738.0,p,0,0
484,120000,Tianjin,2013,male,7887957.0,p,0,0
485,120000,Tianjin,2014,male,7596774.0,p,0,0
486,120000,Tianjin,2015,male,7826524.0,p,0,0
487,120000,Tianjin,2016,male,8503150.0,p,0,0
488,120000,Tianjin,2017,male,8430997.0,p,0,0
489,120000,Tianjin,2018,male,8728953.45,p,0,0
490,130000,Hebei,2005,male,34411518.0,p,0,0
491,130000,Hebei,2006,male,35032089.0,p,0,0
492,130000,Hebei,2007,male,35248419.0,p,0,0
493,130000,Hebei,2008,male,35469170.0,p,0,0
494,130000,Hebei,2009,male,35688752.0,p,0,0
495,130000,Hebei,2010,male,36430309.0,p,0,0
496,130000,Hebei,2011,male,37425103.0,p,0,0
497,130000,Hebei,2012,male,37668719.0,p,0,0
498,130000,Hebei,2013,male,37990629.0,p,0,0
499,130000,Hebei,2014,male,37803310.0,p,0,0
500,130000,Hebei,2015,male,38310119.0,p,0,0
501,130000,Hebei,2016,male,37781385.0,p,0,0
502,130000,Hebei,2017,male,37710395.0,p,0,0
503,130000,Hebei,2018,male,37679474.11,p,0,0
504,140000,Shanxi_N,2005,male,17020208.0,p,0,0
505,140000,Shanxi_N,2006,male,17392009.0,p,0,0
506,140000,Shanxi_N,2007,male,17473654.0,p,0,0
507,140000,Shanxi_N,2008,male,17553442.0,p,0,0
508,140000,Shanxi_N,2009,male,17628671.0,p,0,0
509,140000,Shanxi_N,2010,male,18338696.0,p,0,0
510,140000,Shanxi_N,2011,male,18437512.0,p,0,0
511,140000,Shanxi_N,2012,male,18509636.0,p,0,0
512,140000,Shanxi_N,2013,male,18648972.0,p,0,0
513,140000,Shanxi_N,2014,male,18536053.0,p,0,0
514,140000,Shanxi_N,2015,male,18790900.0,p,0,0
515,140000,Shanxi_N,2016,male,18933571.0,p,0,0
516,140000,Shanxi_N,2017,male,18951085.0,p,0,0
517,140000,Shanxi_N,2018,male,19091483.88,p,0,0
518,150000,Neimenggu,2005,male,12203331.0,p,0,0
519,150000,Neimenggu,2006,male,12316823.0,p,0,0
520,150000,Neimenggu,2007,male,12347468.0,p,0,0
521,150000,Neimenggu,2008,male,12382025.0,p,0,0
522,150000,Neimenggu,2009,male,12414694.0,p,0,0
523,150000,Neimenggu,2010,male,12831388.0,p,0,0
524,150000,Neimenggu,2011,male,12879895.0,p,0,0
525,150000,Neimenggu,2012,male,12926894.0,p,0,0
526,150000,Neimenggu,2013,male,12999571.0,p,0,0
527,150000,Neimenggu,2014,male,12763378.0,p,0,0
528,150000,Neimenggu,2015,male,12923418.0,p,0,0
529,150000,Neimenggu,2016,male,12861461.0,p,0,0
530,150000,Neimenggu,2017,male,13051998.0,p,0,0
531,150000,Neimenggu,2018,male,13149647.8,p,0,0
532,210000,Liaoning,2005,male,21161151.0,p,0,0
533,210000,Liaoning,2006,male,21681811.0,p,0,0
534,210000,Liaoning,2007,male,21804102.0,p,0,0
535,210000,Liaoning,2008,male,21874330.0,p,0,0
536,210000,Liaoning,2009,male,21882294.0,p,0,0
537,210000,Liaoning,2010,male,22149404.0,p,0,0
538,210000,Liaoning,2011,male,22190110.0,p,0,0
539,210000,Liaoning,2012,male,22219704.0,p,0,0
540,210000,Liaoning,2013,male,22274584.0,p,0,0
541,210000,Liaoning,2014,male,22251884.0,p,0,0
542,210000,Liaoning,2015,male,22411796.0,p,0,0
543,210000,Liaoning,2016,male,21993926.0,p,0,0
544,210000,Liaoning,2017,male,21949692.0,p,0,0
545,210000,Liaoning,2018,male,21849876.08,p,0,0
546,220000,Jilin,2005,male,13790696.0,p,0,0
547,220000,Jilin,2006,male,13878741.0,p,0,0
548,220000,Jilin,2007,male,13904757.0,p,0,0
549,220000,Jilin,2008,male,13915727.0,p,0,0
550,220000,Jilin,2009,male,13934809.0,p,0,0
551,220000,Jilin,2010,male,13911966.0,p,0,0
552,220000,Jilin,2011,male,13928795.0,p,0,0
553,220000,Jilin,2012,male,14035303.0,p,0,0
554,220000,Jilin,2013,male,14061800.0,p,0,0
555,220000,Jilin,2014,male,14008484.0,p,0,0
556,220000,Jilin,2015,male,13887000.0,p,0,0
557,220000,Jilin,2016,male,13755582.0,p,0,0
558,220000,Jilin,2017,male,13769181.0,p,0,0
559,220000,Jilin,2018,male,13690325.24,p,0,0
560,230000,Heilongjiang,2005,male,19329911.0,p,0,0
561,230000,Heilongjiang,2006,male,19440855.0,p,0,0
562,230000,Heilongjiang,2007,male,19432046.0,p,0,0
563,230000,Heilongjiang,2008,male,19425491.0,p,0,0
564,230000,Heilongjiang,2009,male,19414966.0,p,0,0
565,230000,Heilongjiang,2010,male,19459830.0,p,0,0
566,230000,Heilongjiang,2011,male,19399597.0,p,0,0
567,230000,Heilongjiang,2012,male,19353783.0,p,0,0
568,230000,Heilongjiang,2013,male,19296101.0,p,0,0
569,230000,Heilongjiang,2014,male,19180755.0,p,0,0
570,230000,Heilongjiang,2015,male,19273839.0,p,0,0
571,230000,Heilongjiang,2016,male,19160505.0,p,0,0
572,230000,Heilongjiang,2017,male,19107007.0,p,0,0
573,230000,Heilongjiang,2018,male,19082487.4,p,0,0
574,310000,Shanghai,2005,male,8946073.0,p,0,0
575,310000,Shanghai,2006,male,9139766.0,p,0,0
576,310000,Shanghai,2007,male,9355674.0,p,0,0
577,310000,Shanghai,2008,male,9508589.0,p,0,0
578,310000,Shanghai,2009,male,9671926.0,p,0,0
579,310000,Shanghai,2010,male,11854916.0,p,0,0
580,310000,Shanghai,2011,male,12089396.0,p,0,0
581,310000,Shanghai,2012,male,12265727.0,p,0,0
582,310000,Shanghai,2013,male,12473943.0,p,0,0
583,310000,Shanghai,2014,male,12521592.0,p,0,0
584,310000,Shanghai,2015,male,12594652.0,p,0,0
585,310000,Shanghai,2016,male,12568179.0,p,0,0
586,310000,Shanghai,2017,male,12323798.0,p,0,0
587,310000,Shanghai,2018,male,12258563.43,p,0,0
588,320000,Jiangsu,2005,male,36677440.0,p,0,0
589,320000,Jiangsu,2006,male,38174376.0,p,0,0
590,320000,Jiangsu,2007,male,38547476.0,p,0,0
591,320000,Jiangsu,2008,male,38804577.0,p,0,0
592,320000,Jiangsu,2009,male,39037868.0,p,0,0
593,320000,Jiangsu,2010,male,39630290.0,p,0,0
594,320000,Jiangsu,2011,male,39776898.0,p,0,0
595,320000,Jiangsu,2012,male,39879098.0,p,0,0
596,320000,Jiangsu,2013,male,39970900.0,p,0,0
597,320000,Jiangsu,2014,male,40127464.0,p,0,0
598,320000,Jiangsu,2015,male,40146500.0,p,0,0
599,320000,Jiangsu,2016,male,40204400.0,p,0,0
600,320000,Jiangsu,2017,male,40410999.0,p,0,0
601,320000,Jiangsu,2018,male,40505955.17,p,0,0
602,330000,Zhejiang,2005,male,24845562.0,p,0,0
603,330000,Zhejiang,2006,male,25344319.0,p,0,0
604,330000,Zhejiang,2007,male,25736889.0,p,0,0
605,330000,Zhejiang,2008,male,26026789.0,p,0,0
606,330000,Zhejiang,2009,male,26316270.0,p,0,0
607,330000,Zhejiang,2010,male,27965806.0,p,0,0
608,330000,Zhejiang,2011,male,28001994.0,p,0,0
609,330000,Zhejiang,2012,male,28180006.0,p,0,0
610,330000,Zhejiang,2013,male,28300000.0,p,0,0
611,330000,Zhejiang,2014,male,28848659.0,p,0,0
612,330000,Zhejiang,2015,male,28365000.0,p,0,0
613,330000,Zhejiang,2016,male,28608989.0,p,0,0
614,330000,Zhejiang,2017,male,28973986.0,p,0,0
615,330000,Zhejiang,2018,male,29015882.54,p,0,0
616,340000,Anhui,2005,male,30721169.0,p,0,0
617,340000,Anhui,2006,male,31458238.0,p,0,0
618,340000,Anhui,2007,male,31485064.0,p,0,0
619,340000,Anhui,2008,male,31557357.0,p,0,0
620,340000,Anhui,2009,male,31521772.0,p,0,0
621,340000,Anhui,2010,male,30245098.0,p,0,0
622,340000,Anhui,2011,male,30095901.0,p,0,0
623,340000,Anhui,2012,male,30195751.0,p,0,0
624,340000,Anhui,2013,male,30555700.0,p,0,0
625,340000,Anhui,2014,male,30218295.0,p,0,0
626,340000,Anhui,2015,male,30907535.0,p,0,0
627,340000,Anhui,2016,male,31562481.0,p,0,0
628,340000,Anhui,2017,male,31586999.0,p,0,0
629,340000,Anhui,2018,male,32056873.99,p,0,0
630,350000,Fujian,2005,male,17772707.0,p,0,0
631,350000,Fujian,2006,male,18217866.0,p,0,0
632,350000,Fujian,2007,male,18330915.0,p,0,0
633,350000,Fujian,2008,male,18443461.0,p,0,0
634,350000,Fujian,2009,male,18555733.0,p,0,0
635,350000,Fujian,2010,male,18981102.0,p,0,0
636,350000,Fujian,2011,male,19119984.0,p,0,0
637,350000,Fujian,2012,male,19270007.0,p,0,0
638,350000,Fujian,2013,male,19380000.0,p,0,0
639,350000,Fujian,2014,male,19810976.0,p,0,0
640,350000,Fujian,2015,male,19490000.0,p,0,0
641,350000,Fujian,2016,male,19598852.0,p,0,0
642,350000,Fujian,2017,male,19970000.0,p,0,0
643,350000,Fujian,2018,male,20023291.16,p,0,0
644,360000,Jiangxi,2005,male,21941278.0,p,0,0
645,360000,Jiangxi,2006,male,22490758.0,p,0,0
646,360000,Jiangxi,2007,male,22629946.0,p,0,0
647,360000,Jiangxi,2008,male,22784589.0,p,0,0
648,360000,Jiangxi,2009,male,22940059.0,p,0,0
649,360000,Jiangxi,2010,male,23084505.0,p,0,0
650,360000,Jiangxi,2011,male,23134022.0,p,0,0
651,360000,Jiangxi,2012,male,23186011.0,p,0,0
652,360000,Jiangxi,2013,male,23265743.0,p,0,0
653,360000,Jiangxi,2014,male,23716505.0,p,0,0
654,360000,Jiangxi,2015,male,23436811.0,p,0,0
655,360000,Jiangxi,2016,male,23493019.0,p,0,0
656,360000,Jiangxi,2017,male,23705983.0,p,0,0
657,360000,Jiangxi,2018,male,23702476.7,p,0,0
658,370000,Shandong,2005,male,46232806.0,p,0,0
659,370000,Shandong,2006,male,47093604.0,p,0,0
660,370000,Shandong,2007,male,47379337.0,p,0,0
661,370000,Shandong,2008,male,47624706.0,p,0,0
662,370000,Shandong,2009,male,47884433.0,p,0,0
663,370000,Shandong,2010,male,48453066.0,p,0,0
664,370000,Shandong,2011,male,48663596.0,p,0,0
665,370000,Shandong,2012,male,48902228.0,p,0,0
666,370000,Shandong,2013,male,49556014.0,p,0,0
667,370000,Shandong,2014,male,49588162.0,p,0,0
668,370000,Shandong,2015,male,50385609.0,p,0,0
669,370000,Shandong,2016,male,50924893.0,p,0,0
670,370000,Shandong,2017,male,51227898.0,p,0,0
671,370000,Shandong,2018,male,51786438.5,p,0,0
672,410000,Henan,2005,male,47640718.0,p,0,0
673,410000,Henan,2006,male,48356940.0,p,0,0
674,410000,Henan,2007,male,48179461.0,p,0,0
675,410000,Henan,2008,male,48520464.0,p,0,0
676,410000,Henan,2009,male,48804766.0,p,0,0
677,410000,Henan,2010,male,47496489.0,p,0,0
678,410000,Henan,2011,male,48629772.0,p,0,0
679,410000,Henan,2012,male,48718184.0,p,0,0
680,410000,Henan,2013,male,48494231.0,p,0,0
681,410000,Henan,2014,male,47723456.0,p,0,0
682,410000,Henan,2015,male,48433468.0,p,0,0
683,410000,Henan,2016,male,48591093.0,p,0,0
684,410000,Henan,2017,male,48560399.0,p,0,0
685,410000,Henan,2018,male,48842629.11,p,0,0
686,420000,Hubei,2005,male,29046893.0,p,0,0
687,420000,Hubei,2006,male,29555931.0,p,0,0
688,420000,Hubei,2007,male,29571248.0,p,0,0
689,420000,Hubei,2008,male,29617153.0,p,0,0
690,420000,Hubei,2009,male,29647219.0,p,0,0
691,420000,Hubei,2010,male,29392888.0,p,0,0
692,420000,Hubei,2011,male,29570008.0,p,0,0
693,420000,Hubei,2012,male,29676903.0,p,0,0
694,420000,Hubei,2013,male,29710999.0,p,0,0
695,420000,Hubei,2014,male,29636797.0,p,0,0
696,420000,Hubei,2015,male,29845000.0,p,0,0
697,420000,Hubei,2016,male,29994839.0,p,0,0
698,420000,Hubei,2017,male,29967610.0,p,0,0
699,420000,Hubei,2018,male,30078699.55,p,0,0
700,430000,Hunan,2005,male,32351801.0,p,0,0
701,430000,Hunan,2006,male,32920555.0,p,0,0
702,430000,Hunan,2007,male,32964025.0,p,0,0
703,430000,Hunan,2008,male,33069279.0,p,0,0
704,430000,Hunan,2009,male,33179912.0,p,0,0
705,430000,Hunan,2010,male,33775066.0,p,0,0
706,430000,Hunan,2011,male,33907405.0,p,0,0
707,430000,Hunan,2012,male,34156786.0,p,0,0
708,430000,Hunan,2013,male,34515000.0,p,0,0
709,430000,Hunan,2014,male,34553809.0,p,0,0
710,430000,Hunan,2015,male,34921700.0,p,0,0
711,430000,Hunan,2016,male,34731286.0,p,0,0
712,430000,Hunan,2017,male,35347984.0,p,0,0
713,430000,Hunan,2018,male,35616744.72,p,0,0
714,440000,Guangdong,2005,male,46562018.0,p,0,0
715,440000,Guangdong,2006,male,47633438.0,p,0,0
716,440000,Guangdong,2007,male,48370951.0,p,0,0
717,440000,Guangdong,2008,male,48851174.0,p,0,0
718,440000,Guangdong,2009,male,49325179.0,p,0,0
719,440000,Guangdong,2010,male,54396879.0,p,0,0
720,440000,Guangdong,2011,male,54783593.0,p,0,0
721,440000,Guangdong,2012,male,55745610.0,p,0,0
722,440000,Guangdong,2013,male,55487200.0,p,0,0
723,440000,Guangdong,2014,male,58187544.0,p,0,0
724,440000,Guangdong,2015,male,56729550.0,p,0,0
725,440000,Guangdong,2016,male,57772556.0,p,0,0
726,440000,Guangdong,2017,male,58626091.0,p,0,0
727,440000,Guangdong,2018,male,58773006.6,p,0,0
728,450000,Guangxi,2005,male,24155251.0,p,0,0
729,450000,Guangxi,2006,male,24920557.0,p,0,0
730,450000,Guangxi,2007,male,25164783.0,p,0,0
731,450000,Guangxi,2008,male,25402831.0,p,0,0
732,450000,Guangxi,2009,male,25598121.0,p,0,0
733,450000,Guangxi,2010,male,23936217.0,p,0,0
734,450000,Guangxi,2011,male,24240027.0,p,0,0
735,450000,Guangxi,2012,male,24420015.0,p,0,0
736,450000,Guangxi,2013,male,24470000.0,p,0,0
737,450000,Guangxi,2014,male,24723655.0,p,0,0
738,450000,Guangxi,2015,male,25195938.0,p,0,0
739,450000,Guangxi,2016,male,24892711.0,p,0,0
740,450000,Guangxi,2017,male,25358004.0,p,0,0
741,450000,Guangxi,2018,male,25573050.12,p,0,0
742,460000,Hainan,2005,male,4345819.0,p,0,0
743,460000,Hainan,2006,male,4413551.0,p,0,0
744,460000,Hainan,2007,male,4459127.0,p,0,0
745,460000,Hainan,2008,male,4504505.0,p,0,0
746,460000,Hainan,2009,male,4555449.0,p,0,0
747,460000,Hainan,2010,male,4559901.0,p,0,0
748,460000,Hainan,2011,male,4618803.0,p,0,0
749,460000,Hainan,2012,male,4667866.0,p,0,0
750,460000,Hainan,2013,male,4675844.0,p,0,0
751,460000,Hainan,2014,male,4839724.0,p,0,0
752,460000,Hainan,2015,male,4801843.0,p,0,0
753,460000,Hainan,2016,male,4837606.0,p,0,0
754,460000,Hainan,2017,male,4853005.0,p,0,0
755,460000,Hainan,2018,male,4857440.094,p,0,0
756,500000,Chongqing,2005,male,14098750.0,p,0,0
757,500000,Chongqing,2006,male,14517473.0,p,0,0
758,500000,Chongqing,2007,male,14547355.0,p,0,0
759,500000,Chongqing,2008,male,14654254.0,p,0,0
760,500000,Chongqing,2009,male,14745530.0,p,0,0
761,500000,Chongqing,2010,male,14595908.0,p,0,0
762,500000,Chongqing,2011,male,14783007.0,p,0,0
763,500000,Chongqing,2012,male,14913949.0,p,0,0
764,500000,Chongqing,2013,male,15032800.0,p,0,0
765,500000,Chongqing,2014,male,15384136.0,p,0,0
766,500000,Chongqing,2015,male,15257700.0,p,0,0
767,500000,Chongqing,2016,male,15436817.0,p,0,0
768,500000,Chongqing,2017,male,15508401.0,p,0,0
769,500000,Chongqing,2018,male,15550045.32,p,0,0
770,510000,Sichuan,2005,male,40944633.0,p,0,0
771,510000,Sichuan,2006,male,42016087.0,p,0,0
772,510000,Sichuan,2007,male,41771537.0,p,0,0
773,510000,Sichuan,2008,male,41798811.0,p,0,0
774,510000,Sichuan,2009,male,42011161.0,p,0,0
775,510000,Sichuan,2010,male,40828123.0,p,0,0
776,510000,Sichuan,2011,male,40869758.0,p,0,0
777,510000,Sichuan,2012,male,41003652.0,p,0,0
778,510000,Sichuan,2013,male,40931494.0,p,0,0
779,510000,Sichuan,2014,male,40336881.0,p,0,0
780,510000,Sichuan,2015,male,41200000.0,p,0,0
781,510000,Sichuan,2016,male,41686288.0,p,0,0
782,510000,Sichuan,2017,male,41888100.0,p,0,0
783,510000,Sichuan,2018,male,42418318.07,p,0,0
784,520000,Guizhou,2005,male,19204880.0,p,0,0
785,520000,Guizhou,2006,male,19588235.0,p,0,0
786,520000,Guizhou,2007,male,19601051.0,p,0,0
787,520000,Guizhou,2008,male,19748412.0,p,0,0
788,520000,Guizhou,2009,male,19763170.0,p,0,0
789,520000,Guizhou,2010,male,17951477.0,p,0,0
790,520000,Guizhou,2011,male,18012107.0,p,0,0
791,520000,Guizhou,2012,male,18090561.0,p,0,0
792,520000,Guizhou,2013,male,18225000.0,p,0,0
793,520000,Guizhou,2014,male,17941052.0,p,0,0
794,520000,Guizhou,2015,male,18206300.0,p,0,0
795,520000,Guizhou,2016,male,18323165.0,p,0,0
796,520000,Guizhou,2017,male,18459211.0,p,0,0
797,520000,Guizhou,2018,male,18635235.14,p,0,0
798,530000,Yunnan,2005,male,22957243.0,p,0,0
799,530000,Yunnan,2006,male,23352135.0,p,0,0
800,530000,Yunnan,2007,male,23502139.0,p,0,0
801,530000,Yunnan,2008,male,23641243.0,p,0,0
802,530000,Yunnan,2009,male,23774891.0,p,0,0
803,530000,Yunnan,2010,male,23850627.0,p,0,0
804,530000,Yunnan,2011,male,24046032.0,p,0,0
805,530000,Yunnan,2012,male,24176010.0,p,0,0
806,530000,Yunnan,2013,male,24323000.0,p,0,0
807,530000,Yunnan,2014,male,24188698.0,p,0,0
808,530000,Yunnan,2015,male,24587267.0,p,0,0
809,530000,Yunnan,2016,male,24546762.0,p,0,0
810,530000,Yunnan,2017,male,24909028.0,p,0,0
811,530000,Yunnan,2018,male,25153873.76,p,0,0
812,540000,Xizang,2005,male,1371738.0,p,0,0
813,540000,Xizang,2006,male,1424564.0,p,0,0
814,540000,Xizang,2007,male,1440425.0,p,0,0
815,540000,Xizang,2008,male,1456080.0,p,0,0
816,540000,Xizang,2009,male,1471960.0,p,0,0
817,540000,Xizang,2010,male,1546041.0,p,0,0
818,540000,Xizang,2011,male,1552914.0,p,0,0
819,540000,Xizang,2012,male,1576954.0,p,0,0
820,540000,Xizang,2013,male,1603502.0,p,0,0
821,540000,Xizang,2014,male,1596234.0,p,0,0
822,540000,Xizang,2015,male,1645058.0,p,0,0
823,540000,Xizang,2016,male,1671165.0,p,0,0
824,540000,Xizang,2017,male,1701492.0,p,0,0
825,540000,Xizang,2018,male,1738098.4130000002,p,0,0
826,610000,Shanxi_S,2005,male,18785672.0,p,0,0
827,610000,Shanxi_S,2006,male,19326084.0,p,0,0
828,610000,Shanxi_S,2007,male,19379645.0,p,0,0
829,610000,Shanxi_S,2008,male,19438417.0,p,0,0
830,610000,Shanxi_S,2009,male,19476909.0,p,0,0
831,610000,Shanxi_S,2010,male,19287807.0,p,0,0
832,610000,Shanxi_S,2011,male,19304002.0,p,0,0
833,610000,Shanxi_S,2012,male,19384703.0,p,0,0
834,610000,Shanxi_S,2013,male,19437249.0,p,0,0
835,610000,Shanxi_S,2014,male,19518417.0,p,0,0
836,610000,Shanxi_S,2015,male,19581400.0,p,0,0
837,610000,Shanxi_S,2016,male,19675481.0,p,0,0
838,610000,Shanxi_S,2017,male,19798514.0,p,0,0
839,610000,Shanxi_S,2018,male,19892770.06,p,0,0
840,620000,Gansu,2005,male,13087356.0,p,0,0
841,620000,Gansu,2006,male,13447107.0,p,0,0
842,620000,Gansu,2007,male,13494139.0,p,0,0
843,620000,Gansu,2008,male,13541804.0,p,0,0
844,620000,Gansu,2009,male,13570080.0,p,0,0
845,620000,Gansu,2010,male,13064121.0,p,0,0
846,620000,Gansu,2011,male,13098206.0,p,0,0
847,620000,Gansu,2012,male,13168700.0,p,0,0
848,620000,Gansu,2013,male,13187200.0,p,0,0
849,620000,Gansu,2014,male,13428285.0,p,0,0
850,620000,Gansu,2015,male,13268100.0,p,0,0
851,620000,Gansu,2016,male,13321455.0,p,0,0
852,620000,Gansu,2017,male,13392601.0,p,0,0
853,620000,Gansu,2018,male,13380727.42,p,0,0
854,630000,Qinghai,2005,male,2743438.0,p,0,0
855,630000,Qinghai,2006,male,2817283.0,p,0,0
856,630000,Qinghai,2007,male,2836473.0,p,0,0
857,630000,Qinghai,2008,male,2846919.0,p,0,0
858,630000,Qinghai,2009,male,2860971.0,p,0,0
859,630000,Qinghai,2010,male,2913801.0,p,0,0
860,630000,Qinghai,2011,male,2875503.0,p,0,0
861,630000,Qinghai,2012,male,2949452.0,p,0,0
862,630000,Qinghai,2013,male,2926500.0,p,0,0
863,630000,Qinghai,2014,male,2932858.0,p,0,0
864,630000,Qinghai,2015,male,3002800.0,p,0,0
865,630000,Qinghai,2016,male,3033678.0,p,0,0
866,630000,Qinghai,2017,male,3036201.0,p,0,0
867,630000,Qinghai,2018,male,3071451.627,p,0,0
868,640000,Ningxia,2005,male,3001683.0,p,0,0
869,640000,Ningxia,2006,male,3079500.0,p,0,0
870,640000,Ningxia,2007,male,3108372.0,p,0,0
871,640000,Ningxia,2008,male,3145943.0,p,0,0
872,640000,Ningxia,2009,male,3182563.0,p,0,0
873,640000,Ningxia,2010,male,3227062.0,p,0,0
874,640000,Ningxia,2011,male,3275096.0,p,0,0
875,640000,Ningxia,2012,male,3315465.0,p,0,0
876,640000,Ningxia,2013,male,3345100.0,p,0,0
877,640000,Ningxia,2014,male,3400994.0,p,0,0
878,640000,Ningxia,2015,male,3444724.0,p,0,0
879,640000,Ningxia,2016,male,3491195.0,p,0,0
880,640000,Ningxia,2017,male,3440793.0,p,0,0
881,640000,Ningxia,2018,male,3454162.562,p,0,0
882,650000,Xinjiang,2005,male,10186921.0,p,0,0
883,650000,Xinjiang,2006,male,10500268.0,p,0,0
884,650000,Xinjiang,2007,male,10722056.0,p,0,0
885,650000,Xinjiang,2008,male,10896694.0,p,0,0
886,650000,Xinjiang,2009,male,11030685.0,p,0,0
887,650000,Xinjiang,2010,male,11186862.0,p,0,0
888,650000,Xinjiang,2011,male,11287470.0,p,0,0
889,650000,Xinjiang,2012,male,11413091.0,p,0,0
890,650000,Xinjiang,2013,male,11643428.0,p,0,0
891,650000,Xinjiang,2014,male,11744993.0,p,0,0
892,650000,Xinjiang,2015,male,12170517.0,p,0,0
893,650000,Xinjiang,2016,male,12190446.0,p,0,0
894,650000,Xinjiang,2017,male,12362712.0,p,0,0
895,650000,Xinjiang,2018,male,12575755.41,p,0,0
896,0,China,2005,female,634664891.0,p,0,0
897,0,China,2006,female,637196401.0,p,0,0
898,0,China,2007,female,632516382.0,p,0,0
899,0,China,2008,female,637264396.0,p,0,0
900,0,China,2009,female,641656418.0,p,0,0
901,0,China,2010,female,653429999.0,p,0,0
902,0,China,2011,female,656670039.0,p,0,0
903,0,China,2012,female,660090000.0,p,0,0
904,0,China,2013,female,659591139.0,p,0,0
905,0,China,2014,female,664497179.0,p,0,0
906,0,China,2015,female,668609163.0,p,0,0
907,0,China,2016,female,674531172.0,p,0,0
908,0,China,2017,female,679642790.0,p,0,0
909,0,China,2018,female,684767654.9,p,0,0
910,110000,Beijing,2005,female,7589437.0,p,0,0
911,110000,Beijing,2006,female,7839595.0,p,0,0
912,110000,Beijing,2007,female,8101455.0,p,0,0
913,110000,Beijing,2008,female,8413115.0,p,0,0
914,110000,Beijing,2009,female,8714983.0,p,0,0
915,110000,Beijing,2010,female,9499651.0,p,0,0
916,110000,Beijing,2011,female,9779010.0,p,0,0
917,110000,Beijing,2012,female,10011985.0,p,0,0
918,110000,Beijing,2013,female,10241000.0,p,0,0
919,110000,Beijing,2014,female,10638650.0,p,0,0
920,110000,Beijing,2015,female,10571000.0,p,0,0
921,110000,Beijing,2016,female,10601125.0,p,0,0
922,110000,Beijing,2017,female,10633001.0,p,0,0
923,110000,Beijing,2018,female,10631118.67,p,0,0
924,120000,Tianjin,2005,female,5194101.0,p,0,0
925,120000,Tianjin,2006,female,5293697.0,p,0,0
926,120000,Tianjin,2007,female,5493655.0,p,0,0
927,120000,Tianjin,2008,female,5797184.0,p,0,0
928,120000,Tianjin,2009,female,6057420.0,p,0,0
929,120000,Tianjin,2010,female,6031498.0,p,0,0
930,120000,Tianjin,2011,female,6286601.0,p,0,0
931,120000,Tianjin,2012,female,6560769.0,p,0,0
932,120000,Tianjin,2013,female,6834143.0,p,0,0
933,120000,Tianjin,2014,female,7571327.0,p,0,0
934,120000,Tianjin,2015,female,7642976.0,p,0,0
935,120000,Tianjin,2016,female,7118050.0,p,0,0
936,120000,Tianjin,2017,female,7137696.0,p,0,0
937,120000,Tianjin,2018,female,6998743.25,p,0,0
938,130000,Hebei,2005,female,34098458.0,p,0,0
939,130000,Hebei,2006,female,33947984.0,p,0,0
940,130000,Hebei,2007,female,34181463.0,p,0,0
941,130000,Hebei,2008,female,34419064.0,p,0,0
942,130000,Hebei,2009,female,34655111.0,p,0,0
943,130000,Hebei,2010,female,35424115.0,p,0,0
944,130000,Hebei,2011,female,34980024.0,p,0,0
945,130000,Hebei,2012,female,35206380.0,p,0,0
946,130000,Hebei,2013,female,35335471.0,p,0,0
947,130000,Hebei,2014,female,36034192.0,p,0,0
948,130000,Hebei,2015,female,35939081.0,p,0,0
949,130000,Hebei,2016,female,36927121.0,p,0,0
950,130000,Hebei,2017,female,37484803.0,p,0,0
951,130000,Hebei,2018,female,37981202.83,p,0,0
952,140000,Shanxi_N,2005,female,16529818.0,p,0,0
953,140000,Shanxi_N,2006,female,16357896.0,p,0,0
954,140000,Shanxi_N,2007,female,16456244.0,p,0,0
955,140000,Shanxi_N,2008,female,16552661.0,p,0,0
956,140000,Shanxi_N,2009,female,16644884.0,p,0,0
957,140000,Shanxi_N,2010,female,17373405.0,p,0,0
958,140000,Shanxi_N,2011,female,17495295.0,p,0,0
959,140000,Shanxi_N,2012,female,17598657.0,p,0,0
960,140000,Shanxi_N,2013,female,17649028.0,p,0,0
961,140000,Shanxi_N,2014,female,17943541.0,p,0,0
962,140000,Shanxi_N,2015,female,17850300.0,p,0,0
963,140000,Shanxi_N,2016,female,17882822.0,p,0,0
964,140000,Shanxi_N,2017,female,18072415.0,p,0,0
965,140000,Shanxi_N,2018,female,18115578.36,p,0,0
966,150000,Neimenggu,2005,female,11656736.0,p,0,0
967,150000,Neimenggu,2006,female,11653277.0,p,0,0
968,150000,Neimenggu,2007,female,11702548.0,p,0,0
969,150000,Neimenggu,2008,female,11755316.0,p,0,0
970,150000,Neimenggu,2009,female,11806000.0,p,0,0
971,150000,Neimenggu,2010,female,11874941.0,p,0,0
972,150000,Neimenggu,2011,female,11937199.0,p,0,0
973,150000,Neimenggu,2012,female,11971618.0,p,0,0
974,150000,Neimenggu,2013,female,11976529.0,p,0,0
975,150000,Neimenggu,2014,female,12284722.0,p,0,0
976,150000,Neimenggu,2015,female,12186982.0,p,0,0
977,150000,Neimenggu,2016,female,12338565.0,p,0,0
978,150000,Neimenggu,2017,female,12235001.0,p,0,0
979,150000,Neimenggu,2018,female,12218472.09,p,0,0
980,210000,Liaoning,2005,female,21048839.0,p,0,0
981,210000,Liaoning,2006,female,21028162.0,p,0,0
982,210000,Liaoning,2007,female,21175860.0,p,0,0
983,210000,Liaoning,2008,female,21272666.0,p,0,0
984,210000,Liaoning,2009,female,21307699.0,p,0,0
985,210000,Liaoning,2010,female,21596825.0,p,0,0
986,210000,Liaoning,2011,female,21639937.0,p,0,0
987,210000,Liaoning,2012,female,21670297.0,p,0,0
988,210000,Liaoning,2013,female,21625416.0,p,0,0
989,210000,Liaoning,2014,female,21658114.0,p,0,0
990,210000,Liaoning,2015,female,21412204.0,p,0,0
991,210000,Liaoning,2016,female,21784051.0,p,0,0
992,210000,Liaoning,2017,female,21739295.0,p,0,0
993,210000,Liaoning,2018,female,21766422.9,p,0,0
994,220000,Jilin,2005,female,13369294.0,p,0,0
995,220000,Jilin,2006,female,13351250.0,p,0,0
996,220000,Jilin,2007,female,13395188.0,p,0,0
997,220000,Jilin,2008,female,13424221.0,p,0,0
998,220000,Jilin,2009,female,13460724.0,p,0,0
999,220000,Jilin,2010,female,13550685.0,p,0,0
1000,220000,Jilin,2011,female,13565301.0,p,0,0
1001,220000,Jilin,2012,female,13468707.0,p,0,0
1002,220000,Jilin,2013,female,13451000.0,p,0,0
1003,220000,Jilin,2014,female,13515314.0,p,0,0
1004,220000,Jilin,2015,female,13646000.0,p,0,0
1005,220000,Jilin,2016,female,13574425.0,p,0,0
1006,220000,Jilin,2017,female,13405116.0,p,0,0
1007,220000,Jilin,2018,female,13368583.36,p,0,0
1008,230000,Heilongjiang,2005,female,18870017.0,p,0,0
1009,230000,Heilongjiang,2006,female,18789191.0,p,0,0
1010,230000,Heilongjiang,2007,female,18808011.0,p,0,0
1011,230000,Heilongjiang,2008,female,18828429.0,p,0,0
1012,230000,Heilongjiang,2009,female,18844789.0,p,0,0
1013,230000,Heilongjiang,2010,female,18852431.0,p,0,0
1014,230000,Heilongjiang,2011,female,18940403.0,p,0,0
1015,230000,Heilongjiang,2012,female,18986211.0,p,0,0
1016,230000,Heilongjiang,2013,female,19054099.0,p,0,0
1017,230000,Heilongjiang,2014,female,19149241.0,p,0,0
1018,230000,Heilongjiang,2015,female,18846161.0,p,0,0
1019,230000,Heilongjiang,2016,female,18829514.0,p,0,0
1020,230000,Heilongjiang,2017,female,18780005.0,p,0,0
1021,230000,Heilongjiang,2018,female,18658515.3,p,0,0
1022,310000,Shanghai,2005,female,8833936.0,p,0,0
1023,310000,Shanghai,2006,female,9010239.0,p,0,0
1024,310000,Shanghai,2007,female,9224325.0,p,0,0
1025,310000,Shanghai,2008,female,9376008.0,p,0,0
1026,310000,Shanghai,2009,female,9538089.0,p,0,0
1027,310000,Shanghai,2010,female,11164280.0,p,0,0
1028,310000,Shanghai,2011,female,11385195.0,p,0,0
1029,310000,Shanghai,2012,female,11538576.0,p,0,0
1030,310000,Shanghai,2013,female,11677557.0,p,0,0
1031,310000,Shanghai,2014,female,11735205.0,p,0,0
1032,310000,Shanghai,2015,female,11558048.0,p,0,0
1033,310000,Shanghai,2016,female,11628822.0,p,0,0
1034,310000,Shanghai,2017,female,11859499.0,p,0,0
1035,310000,Shanghai,2018,female,11901222.2,p,0,0
1036,320000,Jiangsu,2005,female,38072541.0,p,0,0
1037,320000,Jiangsu,2006,female,37325554.0,p,0,0
1038,320000,Jiangsu,2007,female,37702550.0,p,0,0
1039,320000,Jiangsu,2008,female,37968347.0,p,0,0
1040,320000,Jiangsu,2009,female,38212156.0,p,0,0
1041,320000,Jiangsu,2010,female,39029567.0,p,0,0
1042,320000,Jiangsu,2011,female,39211109.0,p,0,0
1043,320000,Jiangsu,2012,female,39320724.0,p,0,0
1044,320000,Jiangsu,2013,female,39424000.0,p,0,0
1045,320000,Jiangsu,2014,female,39473128.0,p,0,0
1046,320000,Jiangsu,2015,female,39616500.0,p,0,0
1047,320000,Jiangsu,2016,female,39781613.0,p,0,0
1048,320000,Jiangsu,2017,female,39882077.0,p,0,0
1049,320000,Jiangsu,2018,female,40019332.68,p,0,0
1050,330000,Zhejiang,2005,female,24134403.0,p,0,0
1051,330000,Zhejiang,2006,female,24455678.0,p,0,0
1052,330000,Zhejiang,2007,female,24863123.0,p,0,0
1053,330000,Zhejiang,2008,female,25173191.0,p,0,0
1054,330000,Zhejiang,2009,female,25483761.0,p,0,0
1055,330000,Zhejiang,2010,female,26461027.0,p,0,0
1056,330000,Zhejiang,2011,female,26627997.0,p,0,0
1057,330000,Zhejiang,2012,female,26590003.0,p,0,0
1058,330000,Zhejiang,2013,female,26680000.0,p,0,0
1059,330000,Zhejiang,2014,female,26231343.0,p,0,0
1060,330000,Zhejiang,2015,female,27025000.0,p,0,0
1061,330000,Zhejiang,2016,female,27291007.0,p,0,0
1062,330000,Zhejiang,2017,female,27595993.0,p,0,0
1063,330000,Zhejiang,2018,female,28066474.25,p,0,0
1064,340000,Anhui,2005,female,30478845.0,p,0,0
1065,340000,Anhui,2006,female,29641713.0,p,0,0
1066,340000,Anhui,2007,female,29694949.0,p,0,0
1067,340000,Anhui,2008,female,29792395.0,p,0,0
1068,340000,Anhui,2009,female,29788274.0,p,0,0
1069,340000,Anhui,2010,female,29254975.0,p,0,0
1070,340000,Anhui,2011,female,29584116.0,p,0,0
1071,340000,Anhui,2012,female,29684241.0,p,0,0
1072,340000,Anhui,2013,female,29742300.0,p,0,0
1073,340000,Anhui,2014,female,30610710.0,p,0,0
1074,340000,Anhui,2015,female,30528465.0,p,0,0
1075,340000,Anhui,2016,female,30393023.0,p,0,0
1076,340000,Anhui,2017,female,30961001.0,p,0,0
1077,340000,Anhui,2018,female,31078653.2,p,0,0
1078,350000,Fujian,2005,female,17577255.0,p,0,0
1079,350000,Fujian,2006,female,17362060.0,p,0,0
1080,350000,Fujian,2007,female,17479062.0,p,0,0
1081,350000,Fujian,2008,female,17596563.0,p,0,0
1082,350000,Fujian,2009,female,17714276.0,p,0,0
1083,350000,Fujian,2010,female,17913218.0,p,0,0
1084,350000,Fujian,2011,female,18080009.0,p,0,0
1085,350000,Fujian,2012,female,18209991.0,p,0,0
1086,350000,Fujian,2013,female,18360000.0,p,0,0
1087,350000,Fujian,2014,female,18249024.0,p,0,0
1088,350000,Fujian,2015,female,18900000.0,p,0,0
1089,350000,Fujian,2016,female,19141127.0,p,0,0
1090,350000,Fujian,2017,female,19139988.0,p,0,0
1091,350000,Fujian,2018,female,19446539.68,p,0,0
1092,360000,Jiangxi,2005,female,21168765.0,p,0,0
1093,360000,Jiangxi,2006,female,20900543.0,p,0,0
1094,360000,Jiangxi,2007,female,21050114.0,p,0,0
1095,360000,Jiangxi,2008,female,21215321.0,p,0,0
1096,360000,Jiangxi,2009,female,21381535.0,p,0,0
1097,360000,Jiangxi,2010,female,21483200.0,p,0,0
1098,360000,Jiangxi,2011,female,21750017.0,p,0,0
1099,360000,Jiangxi,2012,female,21852996.0,p,0,0
1100,360000,Jiangxi,2013,female,21955757.0,p,0,0
1101,360000,Jiangxi,2014,female,21705098.0,p,0,0
1102,360000,Jiangxi,2015,female,22219189.0,p,0,0
1103,360000,Jiangxi,2016,female,22429577.0,p,0,0
1104,360000,Jiangxi,2017,female,22515003.0,p,0,0
1105,360000,Jiangxi,2018,female,22791632.24,p,0,0
1106,370000,Shandong,2005,female,46247197.0,p,0,0
1107,370000,Shandong,2006,female,45996379.0,p,0,0
1108,370000,Shandong,2007,female,46290613.0,p,0,0
1109,370000,Shandong,2008,female,46547598.0,p,0,0
1110,370000,Shandong,2009,female,46818568.0,p,0,0
1111,370000,Shandong,2010,female,47339890.0,p,0,0
1112,370000,Shandong,2011,female,47709418.0,p,0,0
1113,370000,Shandong,2012,female,47946463.0,p,0,0
1114,370000,Shandong,2013,female,47777886.0,p,0,0
1115,370000,Shandong,2014,female,48306141.0,p,0,0
1116,370000,Shandong,2015,female,48085991.0,p,0,0
1117,370000,Shandong,2016,female,48541518.0,p,0,0
1118,370000,Shandong,2017,female,48830394.0,p,0,0
1119,370000,Shandong,2018,female,49006406.31,p,0,0
1120,410000,Henan,2005,female,46159195.0,p,0,0
1121,410000,Henan,2006,female,45563093.0,p,0,0
1122,410000,Henan,2007,female,45420508.0,p,0,0
1123,410000,Henan,2008,female,45769521.0,p,0,0
1124,410000,Henan,2009,female,46065170.0,p,0,0
1125,410000,Henan,2010,female,46534711.0,p,0,0
1126,410000,Henan,2011,female,45250228.0,p,0,0
1127,410000,Henan,2012,female,45341802.0,p,0,0
1128,410000,Henan,2013,female,45639269.0,p,0,0
1129,410000,Henan,2014,female,46636542.0,p,0,0
1130,410000,Henan,2015,female,46366532.0,p,0,0
1131,410000,Henan,2016,female,46733012.0,p,0,0
1132,410000,Henan,2017,female,47030865.0,p,0,0
1133,410000,Henan,2018,female,47163045.52,p,0,0
1134,420000,Hubei,2005,female,28053074.0,p,0,0
1135,420000,Hubei,2006,female,27374106.0,p,0,0
1136,420000,Hubei,2007,female,27418747.0,p,0,0
1137,420000,Hubei,2008,female,27492909.0,p,0,0
1138,420000,Hubei,2009,female,27552736.0,p,0,0
1139,420000,Hubei,2010,female,27844807.0,p,0,0
1140,420000,Hubei,2011,female,28010014.0,p,0,0
1141,420000,Hubei,2012,female,28113102.0,p,0,0
1142,420000,Hubei,2013,female,28279001.0,p,0,0
1143,420000,Hubei,2014,female,28523202.0,p,0,0
1144,420000,Hubei,2015,female,28670000.0,p,0,0
1145,420000,Hubei,2016,female,28855156.0,p,0,0
1146,420000,Hubei,2017,female,29052394.0,p,0,0
1147,420000,Hubei,2018,female,29230964.21,p,0,0
1148,430000,Hunan,2005,female,30908193.0,p,0,0
1149,430000,Hunan,2006,female,30499455.0,p,0,0
1150,430000,Hunan,2007,female,30585874.0,p,0,0
1151,430000,Hunan,2008,female,30730735.0,p,0,0
1152,430000,Hunan,2009,female,30880094.0,p,0,0
1153,430000,Hunan,2010,female,31908532.0,p,0,0
1154,430000,Hunan,2011,female,32048600.0,p,0,0
1155,430000,Hunan,2012,female,32232217.0,p,0,0
1156,430000,Hunan,2013,female,32391000.0,p,0,0
1157,430000,Hunan,2014,female,32818591.0,p,0,0
1158,430000,Hunan,2015,female,32832100.0,p,0,0
1159,430000,Hunan,2016,female,33488718.0,p,0,0
1160,430000,Hunan,2017,female,33252710.0,p,0,0
1161,430000,Hunan,2018,female,33398688.7,p,0,0
1162,440000,Guangdong,2005,female,45378099.0,p,0,0
1163,440000,Guangdong,2006,female,45406665.0,p,0,0
1164,440000,Guangdong,2007,female,46119125.0,p,0,0
1165,440000,Guangdong,2008,female,46588811.0,p,0,0
1166,440000,Guangdong,2009,female,47054770.0,p,0,0
1167,440000,Guangdong,2010,female,49906204.0,p,0,0
1168,440000,Guangdong,2011,female,50266390.0,p,0,0
1169,440000,Guangdong,2012,female,50194401.0,p,0,0
1170,440000,Guangdong,2013,female,50952800.0,p,0,0
1171,440000,Guangdong,2014,female,49052462.0,p,0,0
1172,440000,Guangdong,2015,female,51760750.0,p,0,0
1173,440000,Guangdong,2016,female,52217241.0,p,0,0
1174,440000,Guangdong,2017,female,53063902.0,p,0,0
1175,440000,Guangdong,2018,female,54472667.08,p,0,0
1176,450000,Guangxi,2005,female,22444736.0,p,0,0
1177,450000,Guangxi,2006,female,22269470.0,p,0,0
1178,450000,Guangxi,2007,female,22515221.0,p,0,0
1179,450000,Guangxi,2008,female,22757170.0,p,0,0
1180,450000,Guangxi,2009,female,22961899.0,p,0,0
1181,450000,Guangxi,2010,female,22090319.0,p,0,0
1182,450000,Guangxi,2011,female,22209998.0,p,0,0
1183,450000,Guangxi,2012,female,22399994.0,p,0,0
1184,450000,Guangxi,2013,female,22720000.0,p,0,0
1185,450000,Guangxi,2014,female,22816343.0,p,0,0
1186,450000,Guangxi,2015,female,22764062.0,p,0,0
1187,450000,Guangxi,2016,female,23486086.0,p,0,0
1188,450000,Guangxi,2017,female,23491994.0,p,0,0
1189,450000,Guangxi,2018,female,23721628.27,p,0,0
1190,460000,Hainan,2005,female,3934173.0,p,0,0
1191,460000,Hainan,2006,female,3946430.0,p,0,0
1192,460000,Hainan,2007,female,3990854.0,p,0,0
1193,460000,Hainan,2008,female,4035452.0,p,0,0
1194,460000,Hainan,2009,female,4085269.0,p,0,0
1195,460000,Hainan,2010,female,4111606.0,p,0,0
1196,460000,Hainan,2011,female,4154999.0,p,0,0
1197,460000,Hainan,2012,female,4197627.0,p,0,0
1198,460000,Hainan,2013,female,4276956.0,p,0,0
1199,460000,Hainan,2014,female,4195075.0,p,0,0
1200,460000,Hainan,2015,female,4306357.0,p,0,0
1201,460000,Hainan,2016,female,4332396.0,p,0,0
1202,460000,Hainan,2017,female,5168797.0,p,0,0
1203,460000,Hainan,2018,female,5541228.485,p,0,0
1204,500000,Chongqing,2005,female,13881296.0,p,0,0
1205,500000,Chongqing,2006,female,13562510.0,p,0,0
1206,500000,Chongqing,2007,female,13612593.0,p,0,0
1207,500000,Chongqing,2008,female,13735725.0,p,0,0
1208,500000,Chongqing,2009,female,13844475.0,p,0,0
1209,500000,Chongqing,2010,female,14250290.0,p,0,0
1210,500000,Chongqing,2011,female,14407000.0,p,0,0
1211,500000,Chongqing,2012,female,14536033.0,p,0,0
1212,500000,Chongqing,2013,female,14667200.0,p,0,0
1213,500000,Chongqing,2014,female,14529862.0,p,0,0
1214,500000,Chongqing,2015,female,14907800.0,p,0,0
1215,500000,Chongqing,2016,female,15047492.0,p,0,0
1216,500000,Chongqing,2017,female,15243200.0,p,0,0
1217,500000,Chongqing,2018,female,15488678.58,p,0,0
1218,510000,Sichuan,2005,female,41175289.0,p,0,0
1219,510000,Sichuan,2006,female,39673978.0,p,0,0
1220,510000,Sichuan,2007,female,39498473.0,p,0,0
1221,510000,Sichuan,2008,female,39581112.0,p,0,0
1222,510000,Sichuan,2009,female,39838764.0,p,0,0
1223,510000,Sichuan,2010,female,39590061.0,p,0,0
1224,510000,Sichuan,2011,female,39630266.0,p,0,0
1225,510000,Sichuan,2012,female,39758368.0,p,0,0
1226,510000,Sichuan,2013,female,40138506.0,p,0,0
1227,510000,Sichuan,2014,female,41065116.0,p,0,0
1228,510000,Sichuan,2015,female,40840000.0,p,0,0
1229,510000,Sichuan,2016,female,40933740.0,p,0,0
1230,510000,Sichuan,2017,female,41131899.0,p,0,0
1231,510000,Sichuan,2018,female,41154184.13,p,0,0
1232,520000,Guizhou,2005,female,18095147.0,p,0,0
1233,520000,Guizhou,2006,female,17983481.0,p,0,0
1234,520000,Guizhou,2007,female,18018963.0,p,0,0
1235,520000,Guizhou,2008,female,18178849.0,p,0,0
1236,520000,Guizhou,2009,female,18216814.0,p,0,0
1237,520000,Guizhou,2010,female,16795031.0,p,0,0
1238,520000,Guizhou,2011,female,16677879.0,p,0,0
1239,520000,Guizhou,2012,female,16749444.0,p,0,0
1240,520000,Guizhou,2013,female,16797200.0,p,0,0
1241,520000,Guizhou,2014,female,17139248.0,p,0,0
1242,520000,Guizhou,2015,female,17088700.0,p,0,0
1243,520000,Guizhou,2016,female,17226842.0,p,0,0
1244,520000,Guizhou,2017,female,17340791.0,p,0,0
1245,520000,Guizhou,2018,female,17408497.29,p,0,0
1246,530000,Yunnan,2005,female,21541880.0,p,0,0
1247,530000,Yunnan,2006,female,21477895.0,p,0,0
1248,530000,Yunnan,2007,female,21637839.0,p,0,0
1249,530000,Yunnan,2008,female,21788767.0,p,0,0
1250,530000,Yunnan,2009,female,21935115.0,p,0,0
1251,530000,Yunnan,2010,female,22115735.0,p,0,0
1252,530000,Yunnan,2011,female,22263997.0,p,0,0
1253,530000,Yunnan,2012,female,22413996.0,p,0,0
1254,530000,Yunnan,2013,female,22543000.0,p,0,0
1255,530000,Yunnan,2014,female,22950302.0,p,0,0
1256,530000,Yunnan,2015,female,22830733.0,p,0,0
1257,530000,Yunnan,2016,female,23163240.0,p,0,0
1258,530000,Yunnan,2017,female,23095950.0,p,0,0
1259,530000,Yunnan,2018,female,23144704.45,p,0,0
1260,540000,Xizang,2005,female,1398921.0,p,0,0
1261,540000,Xizang,2006,female,1385314.0,p,0,0
1262,540000,Xizang,2007,female,1399617.0,p,0,0
1263,540000,Xizang,2008,female,1413861.0,p,0,0
1264,540000,Xizang,2009,female,1428258.0,p,0,0
1265,540000,Xizang,2010,female,1453278.0,p,0,0
1266,540000,Xizang,2011,female,1480181.0,p,0,0
1267,540000,Xizang,2012,female,1503044.0,p,0,0
1268,540000,Xizang,2013,female,1516898.0,p,0,0
1269,540000,Xizang,2014,female,1579265.0,p,0,0
1270,540000,Xizang,2015,female,1594642.0,p,0,0
1271,540000,Xizang,2016,female,1638828.0,p,0,0
1272,540000,Xizang,2017,female,1669998.0,p,0,0
1273,540000,Xizang,2018,female,1701386.299,p,0,0
1274,610000,Shanxi_S,2005,female,18414533.0,p,0,0
1275,610000,Shanxi_S,2006,female,18023882.0,p,0,0
1276,610000,Shanxi_S,2007,female,18100389.0,p,0,0
1277,610000,Shanxi_S,2008,female,18181577.0,p,0,0
1278,610000,Shanxi_S,2009,female,18243051.0,p,0,0
1279,610000,Shanxi_S,2010,female,18039587.0,p,0,0
1280,610000,Shanxi_S,2011,female,18121999.0,p,0,0
1281,610000,Shanxi_S,2012,female,18146191.0,p,0,0
1282,610000,Shanxi_S,2013,female,18202751.0,p,0,0
1283,610000,Shanxi_S,2014,female,18232784.0,p,0,0
1284,610000,Shanxi_S,2015,female,18347300.0,p,0,0
1285,610000,Shanxi_S,2016,female,18455812.0,p,0,0
1286,610000,Shanxi_S,2017,female,18555905.0,p,0,0
1287,610000,Shanxi_S,2018,female,18664879.55,p,0,0
1288,620000,Gansu,2005,female,12852695.0,p,0,0
1289,620000,Gansu,2006,female,12613064.0,p,0,0
1290,620000,Gansu,2007,female,12675975.0,p,0,0
1291,620000,Gansu,2008,female,12739461.0,p,0,0
1292,620000,Gansu,2009,female,12784550.0,p,0,0
1293,620000,Gansu,2010,female,12511087.0,p,0,0
1294,620000,Gansu,2011,female,12543711.0,p,0,0
1295,620000,Gansu,2012,female,12606806.0,p,0,0
1296,620000,Gansu,2013,female,12634600.0,p,0,0
1297,620000,Gansu,2014,female,12479515.0,p,0,0
1298,620000,Gansu,2015,female,12727400.0,p,0,0
1299,620000,Gansu,2016,female,12778539.0,p,0,0
1300,620000,Gansu,2017,female,12864499.0,p,0,0
1301,620000,Gansu,2018,female,12995448.35,p,0,0
1302,630000,Qinghai,2005,female,2686563.0,p,0,0
1303,630000,Qinghai,2006,female,2662681.0,p,0,0
1304,630000,Qinghai,2007,female,2683500.0,p,0,0
1305,630000,Qinghai,2008,female,2696100.0,p,0,0
1306,630000,Qinghai,2009,female,2712060.0,p,0,0
1307,630000,Qinghai,2010,female,2712912.0,p,0,0
1308,630000,Qinghai,2011,female,2806221.0,p,0,0
1309,630000,Qinghai,2012,female,2782249.0,p,0,0
1310,630000,Qinghai,2013,female,2851400.0,p,0,0
1311,630000,Qinghai,2014,female,2901346.0,p,0,0
1312,630000,Qinghai,2015,female,2881500.0,p,0,0
1313,630000,Qinghai,2016,female,2896313.0,p,0,0
1314,630000,Qinghai,2017,female,2947596.0,p,0,0
1315,630000,Qinghai,2018,female,2963175.9269999997,p,0,0
1316,640000,Ningxia,2005,female,2958313.0,p,0,0
1317,640000,Ningxia,2006,female,2960493.0,p,0,0
1318,640000,Ningxia,2007,female,2991602.0,p,0,0
1319,640000,Ningxia,2008,female,3030981.0,p,0,0
1320,640000,Ningxia,2009,female,3069470.0,p,0,0
1321,640000,Ningxia,2010,female,3074295.0,p,0,0
1322,640000,Ningxia,2011,female,3119406.0,p,0,0
1323,640000,Ningxia,2012,female,3156435.0,p,0,0
1324,640000,Ningxia,2013,female,3196800.0,p,0,0
1325,640000,Ningxia,2014,female,3214407.0,p,0,0
1326,640000,Ningxia,2015,female,3234076.0,p,0,0
1327,640000,Ningxia,2016,female,3257807.0,p,0,0
1328,640000,Ningxia,2017,female,3377002.0,p,0,0
1329,640000,Ningxia,2018,female,3433007.894,p,0,0
1330,650000,Xinjiang,2005,female,9913142.0,p,0,0
1331,650000,Xinjiang,2006,female,9999722.0,p,0,0
1332,650000,Xinjiang,2007,female,10227942.0,p,0,0
1333,650000,Xinjiang,2008,female,10411286.0,p,0,0
1334,650000,Xinjiang,2009,female,10555654.0,p,0,0
1335,650000,Xinjiang,2010,female,10628957.0,p,0,0
1336,650000,Xinjiang,2011,female,10799568.0,p,0,0
1337,650000,Xinjiang,2012,female,10914712.0,p,0,0
1338,650000,Xinjiang,2013,female,10999572.0,p,0,0
1339,650000,Xinjiang,2014,female,11239702.0,p,0,0
1340,650000,Xinjiang,2015,female,11429483.0,p,0,0
1341,650000,Xinjiang,2016,female,11789561.0,p,0,0
1342,650000,Xinjiang,2017,female,12084001.0,p,0,0
1343,650000,Xinjiang,2018,female,12379299.53,p,0,0
